{"parent":"minecraft:item/generated","overrides":[{"model":"minecraft:item/iron_boots_quartz_trim","predicate":{"trim_type":0.1}},{"model":"minecraft:item/iron_boots_iron_darker_trim","predicate":{"trim_type":0.2}},{"model":"minecraft:item/iron_boots_netherite_trim","predicate":{"trim_type":0.3}},{"model":"minecraft:item/iron_boots_redstone_trim","predicate":{"trim_type":0.4}},{"model":"minecraft:item/iron_boots_copper_trim","predicate":{"trim_type":0.5}},{"model":"minecraft:item/iron_boots_gold_trim","predicate":{"trim_type":0.6}},{"model":"minecraft:item/iron_boots_emerald_trim","predicate":{"trim_type":0.7}},{"model":"minecraft:item/iron_boots_diamond_trim","predicate":{"trim_type":0.8}},{"model":"minecraft:item/iron_boots_lapis_trim","predicate":{"trim_type":0.9}},{"model":"minecraft:item/iron_boots_amethyst_trim","predicate":{"trim_type":1.0}},{"predicate":{"custom_model_data":2200068},"model":"slimefun:slimefun/armor/damascus_armor/boots"},{"predicate":{"trim_type":0.1,"custom_model_data":2200068},"model":"slimefun:slimefun/armor/damascus_armor/boots"},{"predicate":{"trim_type":0.2,"custom_model_data":2200068},"model":"slimefun:slimefun/armor/damascus_armor/boots"},{"predicate":{"trim_type":0.3,"custom_model_data":2200068},"model":"slimefun:slimefun/armor/damascus_armor/boots"},{"predicate":{"trim_type":0.4,"custom_model_data":2200068},"model":"slimefun:slimefun/armor/damascus_armor/boots"},{"predicate":{"trim_type":0.5,"custom_model_data":2200068},"model":"slimefun:slimefun/armor/damascus_armor/boots"},{"predicate":{"trim_type":0.6,"custom_model_data":2200068},"model":"slimefun:slimefun/armor/damascus_armor/boots"},{"predicate":{"trim_type":0.7,"custom_model_data":2200068},"model":"slimefun:slimefun/armor/damascus_armor/boots"},{"predicate":{"trim_type":0.8,"custom_model_data":2200068},"model":"slimefun:slimefun/armor/damascus_armor/boots"},{"predicate":{"trim_type":0.9,"custom_model_data":2200068},"model":"slimefun:slimefun/armor/damascus_armor/boots"},{"predicate":{"trim_type":1.0,"custom_model_data":2200068},"model":"slimefun:slimefun/armor/damascus_armor/boots"},{"predicate":{"custom_model_data":2200072},"model":"slimefun:slimefun/armor/reinforced_armor/boots"},{"predicate":{"trim_type":0.1,"custom_model_data":2200072},"model":"slimefun:slimefun/armor/reinforced_armor/boots"},{"predicate":{"trim_type":0.2,"custom_model_data":2200072},"model":"slimefun:slimefun/armor/reinforced_armor/boots"},{"predicate":{"trim_type":0.3,"custom_model_data":2200072},"model":"slimefun:slimefun/armor/reinforced_armor/boots"},{"predicate":{"trim_type":0.4,"custom_model_data":2200072},"model":"slimefun:slimefun/armor/reinforced_armor/boots"},{"predicate":{"trim_type":0.5,"custom_model_data":2200072},"model":"slimefun:slimefun/armor/reinforced_armor/boots"},{"predicate":{"trim_type":0.6,"custom_model_data":2200072},"model":"slimefun:slimefun/armor/reinforced_armor/boots"},{"predicate":{"trim_type":0.7,"custom_model_data":2200072},"model":"slimefun:slimefun/armor/reinforced_armor/boots"},{"predicate":{"trim_type":0.8,"custom_model_data":2200072},"model":"slimefun:slimefun/armor/reinforced_armor/boots"},{"predicate":{"trim_type":0.9,"custom_model_data":2200072},"model":"slimefun:slimefun/armor/reinforced_armor/boots"},{"predicate":{"trim_type":1.0,"custom_model_data":2200072},"model":"slimefun:slimefun/armor/reinforced_armor/boots"},{"predicate":{"custom_model_data":2200236},"model":"slimefun:slimefun/magical_armor/slime_armor_steel/boots"},{"predicate":{"trim_type":0.1,"custom_model_data":2200236},"model":"slimefun:slimefun/magical_armor/slime_armor_steel/boots"},{"predicate":{"trim_type":0.2,"custom_model_data":2200236},"model":"slimefun:slimefun/magical_armor/slime_armor_steel/boots"},{"predicate":{"trim_type":0.3,"custom_model_data":2200236},"model":"slimefun:slimefun/magical_armor/slime_armor_steel/boots"},{"predicate":{"trim_type":0.4,"custom_model_data":2200236},"model":"slimefun:slimefun/magical_armor/slime_armor_steel/boots"},{"predicate":{"trim_type":0.5,"custom_model_data":2200236},"model":"slimefun:slimefun/magical_armor/slime_armor_steel/boots"},{"predicate":{"trim_type":0.6,"custom_model_data":2200236},"model":"slimefun:slimefun/magical_armor/slime_armor_steel/boots"},{"predicate":{"trim_type":0.7,"custom_model_data":2200236},"model":"slimefun:slimefun/magical_armor/slime_armor_steel/boots"},{"predicate":{"trim_type":0.8,"custom_model_data":2200236},"model":"slimefun:slimefun/magical_armor/slime_armor_steel/boots"},{"predicate":{"trim_type":0.9,"custom_model_data":2200236},"model":"slimefun:slimefun/magical_armor/slime_armor_steel/boots"},{"predicate":{"trim_type":1.0,"custom_model_data":2200236},"model":"slimefun:slimefun/magical_armor/slime_armor_steel/boots"},{"predicate":{"custom_model_data":2200269},"model":"slimefun:slimefun/technical_gadgets/armored_jetboots"},{"predicate":{"trim_type":0.1,"custom_model_data":2200269},"model":"slimefun:slimefun/technical_gadgets/armored_jetboots"},{"predicate":{"trim_type":0.2,"custom_model_data":2200269},"model":"slimefun:slimefun/technical_gadgets/armored_jetboots"},{"predicate":{"trim_type":0.3,"custom_model_data":2200269},"model":"slimefun:slimefun/technical_gadgets/armored_jetboots"},{"predicate":{"trim_type":0.4,"custom_model_data":2200269},"model":"slimefun:slimefun/technical_gadgets/armored_jetboots"},{"predicate":{"trim_type":0.5,"custom_model_data":2200269},"model":"slimefun:slimefun/technical_gadgets/armored_jetboots"},{"predicate":{"trim_type":0.6,"custom_model_data":2200269},"model":"slimefun:slimefun/technical_gadgets/armored_jetboots"},{"predicate":{"trim_type":0.7,"custom_model_data":2200269},"model":"slimefun:slimefun/technical_gadgets/armored_jetboots"},{"predicate":{"trim_type":0.8,"custom_model_data":2200269},"model":"slimefun:slimefun/technical_gadgets/armored_jetboots"},{"predicate":{"trim_type":0.9,"custom_model_data":2200269},"model":"slimefun:slimefun/technical_gadgets/armored_jetboots"},{"predicate":{"trim_type":1.0,"custom_model_data":2200269},"model":"slimefun:slimefun/technical_gadgets/armored_jetboots"},{"predicate":{"custom_model_data":2201201},"model":"extra_gear:armor/aluminum/aluminum_boots"},{"predicate":{"trim_type":0.1,"custom_model_data":2201201},"model":"extra_gear:armor/aluminum/aluminum_boots"},{"predicate":{"trim_type":0.2,"custom_model_data":2201201},"model":"extra_gear:armor/aluminum/aluminum_boots"},{"predicate":{"trim_type":0.3,"custom_model_data":2201201},"model":"extra_gear:armor/aluminum/aluminum_boots"},{"predicate":{"trim_type":0.4,"custom_model_data":2201201},"model":"extra_gear:armor/aluminum/aluminum_boots"},{"predicate":{"trim_type":0.5,"custom_model_data":2201201},"model":"extra_gear:armor/aluminum/aluminum_boots"},{"predicate":{"trim_type":0.6,"custom_model_data":2201201},"model":"extra_gear:armor/aluminum/aluminum_boots"},{"predicate":{"trim_type":0.7,"custom_model_data":2201201},"model":"extra_gear:armor/aluminum/aluminum_boots"},{"predicate":{"trim_type":0.8,"custom_model_data":2201201},"model":"extra_gear:armor/aluminum/aluminum_boots"},{"predicate":{"trim_type":0.9,"custom_model_data":2201201},"model":"extra_gear:armor/aluminum/aluminum_boots"},{"predicate":{"trim_type":1.0,"custom_model_data":2201201},"model":"extra_gear:armor/aluminum/aluminum_boots"},{"predicate":{"custom_model_data":2201205},"model":"extra_gear:armor/cobalt/cobalt_boots"},{"predicate":{"trim_type":0.1,"custom_model_data":2201205},"model":"extra_gear:armor/cobalt/cobalt_boots"},{"predicate":{"trim_type":0.2,"custom_model_data":2201205},"model":"extra_gear:armor/cobalt/cobalt_boots"},{"predicate":{"trim_type":0.3,"custom_model_data":2201205},"model":"extra_gear:armor/cobalt/cobalt_boots"},{"predicate":{"trim_type":0.4,"custom_model_data":2201205},"model":"extra_gear:armor/cobalt/cobalt_boots"},{"predicate":{"trim_type":0.5,"custom_model_data":2201205},"model":"extra_gear:armor/cobalt/cobalt_boots"},{"predicate":{"trim_type":0.6,"custom_model_data":2201205},"model":"extra_gear:armor/cobalt/cobalt_boots"},{"predicate":{"trim_type":0.7,"custom_model_data":2201205},"model":"extra_gear:armor/cobalt/cobalt_boots"},{"predicate":{"trim_type":0.8,"custom_model_data":2201205},"model":"extra_gear:armor/cobalt/cobalt_boots"},{"predicate":{"trim_type":0.9,"custom_model_data":2201205},"model":"extra_gear:armor/cobalt/cobalt_boots"},{"predicate":{"trim_type":1.0,"custom_model_data":2201205},"model":"extra_gear:armor/cobalt/cobalt_boots"},{"predicate":{"custom_model_data":2201213},"model":"extra_gear:armor/lead/lead_boots"},{"predicate":{"trim_type":0.1,"custom_model_data":2201213},"model":"extra_gear:armor/lead/lead_boots"},{"predicate":{"trim_type":0.2,"custom_model_data":2201213},"model":"extra_gear:armor/lead/lead_boots"},{"predicate":{"trim_type":0.3,"custom_model_data":2201213},"model":"extra_gear:armor/lead/lead_boots"},{"predicate":{"trim_type":0.4,"custom_model_data":2201213},"model":"extra_gear:armor/lead/lead_boots"},{"predicate":{"trim_type":0.5,"custom_model_data":2201213},"model":"extra_gear:armor/lead/lead_boots"},{"predicate":{"trim_type":0.6,"custom_model_data":2201213},"model":"extra_gear:armor/lead/lead_boots"},{"predicate":{"trim_type":0.7,"custom_model_data":2201213},"model":"extra_gear:armor/lead/lead_boots"},{"predicate":{"trim_type":0.8,"custom_model_data":2201213},"model":"extra_gear:armor/lead/lead_boots"},{"predicate":{"trim_type":0.9,"custom_model_data":2201213},"model":"extra_gear:armor/lead/lead_boots"},{"predicate":{"trim_type":1.0,"custom_model_data":2201213},"model":"extra_gear:armor/lead/lead_boots"},{"predicate":{"custom_model_data":2201217},"model":"extra_gear:armor/magnesium/magnesium_boots"},{"predicate":{"trim_type":0.1,"custom_model_data":2201217},"model":"extra_gear:armor/magnesium/magnesium_boots"},{"predicate":{"trim_type":0.2,"custom_model_data":2201217},"model":"extra_gear:armor/magnesium/magnesium_boots"},{"predicate":{"trim_type":0.3,"custom_model_data":2201217},"model":"extra_gear:armor/magnesium/magnesium_boots"},{"predicate":{"trim_type":0.4,"custom_model_data":2201217},"model":"extra_gear:armor/magnesium/magnesium_boots"},{"predicate":{"trim_type":0.5,"custom_model_data":2201217},"model":"extra_gear:armor/magnesium/magnesium_boots"},{"predicate":{"trim_type":0.6,"custom_model_data":2201217},"model":"extra_gear:armor/magnesium/magnesium_boots"},{"predicate":{"trim_type":0.7,"custom_model_data":2201217},"model":"extra_gear:armor/magnesium/magnesium_boots"},{"predicate":{"trim_type":0.8,"custom_model_data":2201217},"model":"extra_gear:armor/magnesium/magnesium_boots"},{"predicate":{"trim_type":0.9,"custom_model_data":2201217},"model":"extra_gear:armor/magnesium/magnesium_boots"},{"predicate":{"trim_type":1.0,"custom_model_data":2201217},"model":"extra_gear:armor/magnesium/magnesium_boots"},{"predicate":{"custom_model_data":2201221},"model":"extra_gear:armor/silver/silver_boots"},{"predicate":{"trim_type":0.1,"custom_model_data":2201221},"model":"extra_gear:armor/silver/silver_boots"},{"predicate":{"trim_type":0.2,"custom_model_data":2201221},"model":"extra_gear:armor/silver/silver_boots"},{"predicate":{"trim_type":0.3,"custom_model_data":2201221},"model":"extra_gear:armor/silver/silver_boots"},{"predicate":{"trim_type":0.4,"custom_model_data":2201221},"model":"extra_gear:armor/silver/silver_boots"},{"predicate":{"trim_type":0.5,"custom_model_data":2201221},"model":"extra_gear:armor/silver/silver_boots"},{"predicate":{"trim_type":0.6,"custom_model_data":2201221},"model":"extra_gear:armor/silver/silver_boots"},{"predicate":{"trim_type":0.7,"custom_model_data":2201221},"model":"extra_gear:armor/silver/silver_boots"},{"predicate":{"trim_type":0.8,"custom_model_data":2201221},"model":"extra_gear:armor/silver/silver_boots"},{"predicate":{"trim_type":0.9,"custom_model_data":2201221},"model":"extra_gear:armor/silver/silver_boots"},{"predicate":{"trim_type":1.0,"custom_model_data":2201221},"model":"extra_gear:armor/silver/silver_boots"},{"predicate":{"custom_model_data":2201225},"model":"extra_gear:armor/steel/steel_boots"},{"predicate":{"trim_type":0.1,"custom_model_data":2201225},"model":"extra_gear:armor/steel/steel_boots"},{"predicate":{"trim_type":0.2,"custom_model_data":2201225},"model":"extra_gear:armor/steel/steel_boots"},{"predicate":{"trim_type":0.3,"custom_model_data":2201225},"model":"extra_gear:armor/steel/steel_boots"},{"predicate":{"trim_type":0.4,"custom_model_data":2201225},"model":"extra_gear:armor/steel/steel_boots"},{"predicate":{"trim_type":0.5,"custom_model_data":2201225},"model":"extra_gear:armor/steel/steel_boots"},{"predicate":{"trim_type":0.6,"custom_model_data":2201225},"model":"extra_gear:armor/steel/steel_boots"},{"predicate":{"trim_type":0.7,"custom_model_data":2201225},"model":"extra_gear:armor/steel/steel_boots"},{"predicate":{"trim_type":0.8,"custom_model_data":2201225},"model":"extra_gear:armor/steel/steel_boots"},{"predicate":{"trim_type":0.9,"custom_model_data":2201225},"model":"extra_gear:armor/steel/steel_boots"},{"predicate":{"trim_type":1.0,"custom_model_data":2201225},"model":"extra_gear:armor/steel/steel_boots"},{"predicate":{"custom_model_data":2201229},"model":"extra_gear:armor/tin/tin_boots"},{"predicate":{"trim_type":0.1,"custom_model_data":2201229},"model":"extra_gear:armor/tin/tin_boots"},{"predicate":{"trim_type":0.2,"custom_model_data":2201229},"model":"extra_gear:armor/tin/tin_boots"},{"predicate":{"trim_type":0.3,"custom_model_data":2201229},"model":"extra_gear:armor/tin/tin_boots"},{"predicate":{"trim_type":0.4,"custom_model_data":2201229},"model":"extra_gear:armor/tin/tin_boots"},{"predicate":{"trim_type":0.5,"custom_model_data":2201229},"model":"extra_gear:armor/tin/tin_boots"},{"predicate":{"trim_type":0.6,"custom_model_data":2201229},"model":"extra_gear:armor/tin/tin_boots"},{"predicate":{"trim_type":0.7,"custom_model_data":2201229},"model":"extra_gear:armor/tin/tin_boots"},{"predicate":{"trim_type":0.8,"custom_model_data":2201229},"model":"extra_gear:armor/tin/tin_boots"},{"predicate":{"trim_type":0.9,"custom_model_data":2201229},"model":"extra_gear:armor/tin/tin_boots"},{"predicate":{"trim_type":1.0,"custom_model_data":2201229},"model":"extra_gear:armor/tin/tin_boots"},{"predicate":{"custom_model_data":2201233},"model":"extra_gear:armor/zinc/zinc_boots"},{"predicate":{"trim_type":0.1,"custom_model_data":2201233},"model":"extra_gear:armor/zinc/zinc_boots"},{"predicate":{"trim_type":0.2,"custom_model_data":2201233},"model":"extra_gear:armor/zinc/zinc_boots"},{"predicate":{"trim_type":0.3,"custom_model_data":2201233},"model":"extra_gear:armor/zinc/zinc_boots"},{"predicate":{"trim_type":0.4,"custom_model_data":2201233},"model":"extra_gear:armor/zinc/zinc_boots"},{"predicate":{"trim_type":0.5,"custom_model_data":2201233},"model":"extra_gear:armor/zinc/zinc_boots"},{"predicate":{"trim_type":0.6,"custom_model_data":2201233},"model":"extra_gear:armor/zinc/zinc_boots"},{"predicate":{"trim_type":0.7,"custom_model_data":2201233},"model":"extra_gear:armor/zinc/zinc_boots"},{"predicate":{"trim_type":0.8,"custom_model_data":2201233},"model":"extra_gear:armor/zinc/zinc_boots"},{"predicate":{"trim_type":0.9,"custom_model_data":2201233},"model":"extra_gear:armor/zinc/zinc_boots"},{"predicate":{"trim_type":1.0,"custom_model_data":2201233},"model":"extra_gear:armor/zinc/zinc_boots"},{"predicate":{"custom_model_data":2201234},"model":"item/iron_boots"}],"textures":{"layer0":"minecraft:item/iron_boots"}}