{"parent":"minecraft:item/generated","overrides":[{"model":"minecraft:item/leather_boots_quartz_trim","predicate":{"trim_type":0.1}},{"model":"minecraft:item/leather_boots_iron_trim","predicate":{"trim_type":0.2}},{"model":"minecraft:item/leather_boots_netherite_trim","predicate":{"trim_type":0.3}},{"model":"minecraft:item/leather_boots_redstone_trim","predicate":{"trim_type":0.4}},{"model":"minecraft:item/leather_boots_copper_trim","predicate":{"trim_type":0.5}},{"model":"minecraft:item/leather_boots_gold_trim","predicate":{"trim_type":0.6}},{"model":"minecraft:item/leather_boots_emerald_trim","predicate":{"trim_type":0.7}},{"model":"minecraft:item/leather_boots_diamond_trim","predicate":{"trim_type":0.8}},{"model":"minecraft:item/leather_boots_lapis_trim","predicate":{"trim_type":0.9}},{"model":"minecraft:item/leather_boots_amethyst_trim","predicate":{"trim_type":1.0}},{"predicate":{"custom_model_data":2200040},"model":"slimefun:slimefun/magical_armor/ender_amor/boots"},{"predicate":{"trim_type":0.1,"custom_model_data":2200040},"model":"slimefun:slimefun/magical_armor/ender_amor/boots"},{"predicate":{"trim_type":0.2,"custom_model_data":2200040},"model":"slimefun:slimefun/magical_armor/ender_amor/boots"},{"predicate":{"trim_type":0.3,"custom_model_data":2200040},"model":"slimefun:slimefun/magical_armor/ender_amor/boots"},{"predicate":{"trim_type":0.4,"custom_model_data":2200040},"model":"slimefun:slimefun/magical_armor/ender_amor/boots"},{"predicate":{"trim_type":0.5,"custom_model_data":2200040},"model":"slimefun:slimefun/magical_armor/ender_amor/boots"},{"predicate":{"trim_type":0.6,"custom_model_data":2200040},"model":"slimefun:slimefun/magical_armor/ender_amor/boots"},{"predicate":{"trim_type":0.7,"custom_model_data":2200040},"model":"slimefun:slimefun/magical_armor/ender_amor/boots"},{"predicate":{"trim_type":0.8,"custom_model_data":2200040},"model":"slimefun:slimefun/magical_armor/ender_amor/boots"},{"predicate":{"trim_type":0.9,"custom_model_data":2200040},"model":"slimefun:slimefun/magical_armor/ender_amor/boots"},{"predicate":{"trim_type":1.0,"custom_model_data":2200040},"model":"slimefun:slimefun/magical_armor/ender_amor/boots"},{"predicate":{"custom_model_data":2200047},"model":"slimefun:slimefun/magical_armor/slime_armor/boots"},{"predicate":{"trim_type":0.1,"custom_model_data":2200047},"model":"slimefun:slimefun/magical_armor/slime_armor/boots"},{"predicate":{"trim_type":0.2,"custom_model_data":2200047},"model":"slimefun:slimefun/magical_armor/slime_armor/boots"},{"predicate":{"trim_type":0.3,"custom_model_data":2200047},"model":"slimefun:slimefun/magical_armor/slime_armor/boots"},{"predicate":{"trim_type":0.4,"custom_model_data":2200047},"model":"slimefun:slimefun/magical_armor/slime_armor/boots"},{"predicate":{"trim_type":0.5,"custom_model_data":2200047},"model":"slimefun:slimefun/magical_armor/slime_armor/boots"},{"predicate":{"trim_type":0.6,"custom_model_data":2200047},"model":"slimefun:slimefun/magical_armor/slime_armor/boots"},{"predicate":{"trim_type":0.7,"custom_model_data":2200047},"model":"slimefun:slimefun/magical_armor/slime_armor/boots"},{"predicate":{"trim_type":0.8,"custom_model_data":2200047},"model":"slimefun:slimefun/magical_armor/slime_armor/boots"},{"predicate":{"trim_type":0.9,"custom_model_data":2200047},"model":"slimefun:slimefun/magical_armor/slime_armor/boots"},{"predicate":{"trim_type":1.0,"custom_model_data":2200047},"model":"slimefun:slimefun/magical_armor/slime_armor/boots"},{"predicate":{"custom_model_data":2200064},"model":"slimefun:slimefun/magical_armor/glowstone_armor/boots"},{"predicate":{"trim_type":0.1,"custom_model_data":2200064},"model":"slimefun:slimefun/magical_armor/glowstone_armor/boots"},{"predicate":{"trim_type":0.2,"custom_model_data":2200064},"model":"slimefun:slimefun/magical_armor/glowstone_armor/boots"},{"predicate":{"trim_type":0.3,"custom_model_data":2200064},"model":"slimefun:slimefun/magical_armor/glowstone_armor/boots"},{"predicate":{"trim_type":0.4,"custom_model_data":2200064},"model":"slimefun:slimefun/magical_armor/glowstone_armor/boots"},{"predicate":{"trim_type":0.5,"custom_model_data":2200064},"model":"slimefun:slimefun/magical_armor/glowstone_armor/boots"},{"predicate":{"trim_type":0.6,"custom_model_data":2200064},"model":"slimefun:slimefun/magical_armor/glowstone_armor/boots"},{"predicate":{"trim_type":0.7,"custom_model_data":2200064},"model":"slimefun:slimefun/magical_armor/glowstone_armor/boots"},{"predicate":{"trim_type":0.8,"custom_model_data":2200064},"model":"slimefun:slimefun/magical_armor/glowstone_armor/boots"},{"predicate":{"trim_type":0.9,"custom_model_data":2200064},"model":"slimefun:slimefun/magical_armor/glowstone_armor/boots"},{"predicate":{"trim_type":1.0,"custom_model_data":2200064},"model":"slimefun:slimefun/magical_armor/glowstone_armor/boots"},{"predicate":{"custom_model_data":2200076},"model":"slimefun:slimefun/armor/cactus_armor/boots"},{"predicate":{"trim_type":0.1,"custom_model_data":2200076},"model":"slimefun:slimefun/armor/cactus_armor/boots"},{"predicate":{"trim_type":0.2,"custom_model_data":2200076},"model":"slimefun:slimefun/armor/cactus_armor/boots"},{"predicate":{"trim_type":0.3,"custom_model_data":2200076},"model":"slimefun:slimefun/armor/cactus_armor/boots"},{"predicate":{"trim_type":0.4,"custom_model_data":2200076},"model":"slimefun:slimefun/armor/cactus_armor/boots"},{"predicate":{"trim_type":0.5,"custom_model_data":2200076},"model":"slimefun:slimefun/armor/cactus_armor/boots"},{"predicate":{"trim_type":0.6,"custom_model_data":2200076},"model":"slimefun:slimefun/armor/cactus_armor/boots"},{"predicate":{"trim_type":0.7,"custom_model_data":2200076},"model":"slimefun:slimefun/armor/cactus_armor/boots"},{"predicate":{"trim_type":0.8,"custom_model_data":2200076},"model":"slimefun:slimefun/armor/cactus_armor/boots"},{"predicate":{"trim_type":0.9,"custom_model_data":2200076},"model":"slimefun:slimefun/armor/cactus_armor/boots"},{"predicate":{"trim_type":1.0,"custom_model_data":2200076},"model":"slimefun:slimefun/armor/cactus_armor/boots"},{"predicate":{"custom_model_data":2200210},"model":"slimefun:slimefun/armor/hazmat_suit/boots"},{"predicate":{"trim_type":0.1,"custom_model_data":2200210},"model":"slimefun:slimefun/armor/hazmat_suit/boots"},{"predicate":{"trim_type":0.2,"custom_model_data":2200210},"model":"slimefun:slimefun/armor/hazmat_suit/boots"},{"predicate":{"trim_type":0.3,"custom_model_data":2200210},"model":"slimefun:slimefun/armor/hazmat_suit/boots"},{"predicate":{"trim_type":0.4,"custom_model_data":2200210},"model":"slimefun:slimefun/armor/hazmat_suit/boots"},{"predicate":{"trim_type":0.5,"custom_model_data":2200210},"model":"slimefun:slimefun/armor/hazmat_suit/boots"},{"predicate":{"trim_type":0.6,"custom_model_data":2200210},"model":"slimefun:slimefun/armor/hazmat_suit/boots"},{"predicate":{"trim_type":0.7,"custom_model_data":2200210},"model":"slimefun:slimefun/armor/hazmat_suit/boots"},{"predicate":{"trim_type":0.8,"custom_model_data":2200210},"model":"slimefun:slimefun/armor/hazmat_suit/boots"},{"predicate":{"trim_type":0.9,"custom_model_data":2200210},"model":"slimefun:slimefun/armor/hazmat_suit/boots"},{"predicate":{"trim_type":1.0,"custom_model_data":2200210},"model":"slimefun:slimefun/armor/hazmat_suit/boots"},{"predicate":{"custom_model_data":2200240},"model":"slimefun:slimefun/magical_armor/farmer_armor/boots"},{"predicate":{"trim_type":0.1,"custom_model_data":2200240},"model":"slimefun:slimefun/magical_armor/farmer_armor/boots"},{"predicate":{"trim_type":0.2,"custom_model_data":2200240},"model":"slimefun:slimefun/magical_armor/farmer_armor/boots"},{"predicate":{"trim_type":0.3,"custom_model_data":2200240},"model":"slimefun:slimefun/magical_armor/farmer_armor/boots"},{"predicate":{"trim_type":0.4,"custom_model_data":2200240},"model":"slimefun:slimefun/magical_armor/farmer_armor/boots"},{"predicate":{"trim_type":0.5,"custom_model_data":2200240},"model":"slimefun:slimefun/magical_armor/farmer_armor/boots"},{"predicate":{"trim_type":0.6,"custom_model_data":2200240},"model":"slimefun:slimefun/magical_armor/farmer_armor/boots"},{"predicate":{"trim_type":0.7,"custom_model_data":2200240},"model":"slimefun:slimefun/magical_armor/farmer_armor/boots"},{"predicate":{"trim_type":0.8,"custom_model_data":2200240},"model":"slimefun:slimefun/magical_armor/farmer_armor/boots"},{"predicate":{"trim_type":0.9,"custom_model_data":2200240},"model":"slimefun:slimefun/magical_armor/farmer_armor/boots"},{"predicate":{"trim_type":1.0,"custom_model_data":2200240},"model":"slimefun:slimefun/magical_armor/farmer_armor/boots"},{"predicate":{"custom_model_data":2200246},"model":"slimefun:slimefun/magical_armor/stomper_armor/boots"},{"predicate":{"trim_type":0.1,"custom_model_data":2200246},"model":"slimefun:slimefun/magical_armor/stomper_armor/boots"},{"predicate":{"trim_type":0.2,"custom_model_data":2200246},"model":"slimefun:slimefun/magical_armor/stomper_armor/boots"},{"predicate":{"trim_type":0.3,"custom_model_data":2200246},"model":"slimefun:slimefun/magical_armor/stomper_armor/boots"},{"predicate":{"trim_type":0.4,"custom_model_data":2200246},"model":"slimefun:slimefun/magical_armor/stomper_armor/boots"},{"predicate":{"trim_type":0.5,"custom_model_data":2200246},"model":"slimefun:slimefun/magical_armor/stomper_armor/boots"},{"predicate":{"trim_type":0.6,"custom_model_data":2200246},"model":"slimefun:slimefun/magical_armor/stomper_armor/boots"},{"predicate":{"trim_type":0.7,"custom_model_data":2200246},"model":"slimefun:slimefun/magical_armor/stomper_armor/boots"},{"predicate":{"trim_type":0.8,"custom_model_data":2200246},"model":"slimefun:slimefun/magical_armor/stomper_armor/boots"},{"predicate":{"trim_type":0.9,"custom_model_data":2200246},"model":"slimefun:slimefun/magical_armor/stomper_armor/boots"},{"predicate":{"trim_type":1.0,"custom_model_data":2200246},"model":"slimefun:slimefun/magical_armor/stomper_armor/boots"},{"predicate":{"custom_model_data":2200262},"model":"slimefun:slimefun/technical_gadgets/duralumin_jetboots"},{"predicate":{"trim_type":0.1,"custom_model_data":2200262},"model":"slimefun:slimefun/technical_gadgets/duralumin_jetboots"},{"predicate":{"trim_type":0.2,"custom_model_data":2200262},"model":"slimefun:slimefun/technical_gadgets/duralumin_jetboots"},{"predicate":{"trim_type":0.3,"custom_model_data":2200262},"model":"slimefun:slimefun/technical_gadgets/duralumin_jetboots"},{"predicate":{"trim_type":0.4,"custom_model_data":2200262},"model":"slimefun:slimefun/technical_gadgets/duralumin_jetboots"},{"predicate":{"trim_type":0.5,"custom_model_data":2200262},"model":"slimefun:slimefun/technical_gadgets/duralumin_jetboots"},{"predicate":{"trim_type":0.6,"custom_model_data":2200262},"model":"slimefun:slimefun/technical_gadgets/duralumin_jetboots"},{"predicate":{"trim_type":0.7,"custom_model_data":2200262},"model":"slimefun:slimefun/technical_gadgets/duralumin_jetboots"},{"predicate":{"trim_type":0.8,"custom_model_data":2200262},"model":"slimefun:slimefun/technical_gadgets/duralumin_jetboots"},{"predicate":{"trim_type":0.9,"custom_model_data":2200262},"model":"slimefun:slimefun/technical_gadgets/duralumin_jetboots"},{"predicate":{"trim_type":1.0,"custom_model_data":2200262},"model":"slimefun:slimefun/technical_gadgets/duralumin_jetboots"},{"predicate":{"custom_model_data":2200263},"model":"slimefun:slimefun/technical_gadgets/solder_jetboots"},{"predicate":{"trim_type":0.1,"custom_model_data":2200263},"model":"slimefun:slimefun/technical_gadgets/solder_jetboots"},{"predicate":{"trim_type":0.2,"custom_model_data":2200263},"model":"slimefun:slimefun/technical_gadgets/solder_jetboots"},{"predicate":{"trim_type":0.3,"custom_model_data":2200263},"model":"slimefun:slimefun/technical_gadgets/solder_jetboots"},{"predicate":{"trim_type":0.4,"custom_model_data":2200263},"model":"slimefun:slimefun/technical_gadgets/solder_jetboots"},{"predicate":{"trim_type":0.5,"custom_model_data":2200263},"model":"slimefun:slimefun/technical_gadgets/solder_jetboots"},{"predicate":{"trim_type":0.6,"custom_model_data":2200263},"model":"slimefun:slimefun/technical_gadgets/solder_jetboots"},{"predicate":{"trim_type":0.7,"custom_model_data":2200263},"model":"slimefun:slimefun/technical_gadgets/solder_jetboots"},{"predicate":{"trim_type":0.8,"custom_model_data":2200263},"model":"slimefun:slimefun/technical_gadgets/solder_jetboots"},{"predicate":{"trim_type":0.9,"custom_model_data":2200263},"model":"slimefun:slimefun/technical_gadgets/solder_jetboots"},{"predicate":{"trim_type":1.0,"custom_model_data":2200263},"model":"slimefun:slimefun/technical_gadgets/solder_jetboots"},{"predicate":{"custom_model_data":2200264},"model":"slimefun:slimefun/technical_gadgets/billon_jetboots"},{"predicate":{"trim_type":0.1,"custom_model_data":2200264},"model":"slimefun:slimefun/technical_gadgets/billon_jetboots"},{"predicate":{"trim_type":0.2,"custom_model_data":2200264},"model":"slimefun:slimefun/technical_gadgets/billon_jetboots"},{"predicate":{"trim_type":0.3,"custom_model_data":2200264},"model":"slimefun:slimefun/technical_gadgets/billon_jetboots"},{"predicate":{"trim_type":0.4,"custom_model_data":2200264},"model":"slimefun:slimefun/technical_gadgets/billon_jetboots"},{"predicate":{"trim_type":0.5,"custom_model_data":2200264},"model":"slimefun:slimefun/technical_gadgets/billon_jetboots"},{"predicate":{"trim_type":0.6,"custom_model_data":2200264},"model":"slimefun:slimefun/technical_gadgets/billon_jetboots"},{"predicate":{"trim_type":0.7,"custom_model_data":2200264},"model":"slimefun:slimefun/technical_gadgets/billon_jetboots"},{"predicate":{"trim_type":0.8,"custom_model_data":2200264},"model":"slimefun:slimefun/technical_gadgets/billon_jetboots"},{"predicate":{"trim_type":0.9,"custom_model_data":2200264},"model":"slimefun:slimefun/technical_gadgets/billon_jetboots"},{"predicate":{"trim_type":1.0,"custom_model_data":2200264},"model":"slimefun:slimefun/technical_gadgets/billon_jetboots"},{"predicate":{"custom_model_data":2200265},"model":"slimefun:slimefun/technical_gadgets/steel_jetboots"},{"predicate":{"trim_type":0.1,"custom_model_data":2200265},"model":"slimefun:slimefun/technical_gadgets/steel_jetboots"},{"predicate":{"trim_type":0.2,"custom_model_data":2200265},"model":"slimefun:slimefun/technical_gadgets/steel_jetboots"},{"predicate":{"trim_type":0.3,"custom_model_data":2200265},"model":"slimefun:slimefun/technical_gadgets/steel_jetboots"},{"predicate":{"trim_type":0.4,"custom_model_data":2200265},"model":"slimefun:slimefun/technical_gadgets/steel_jetboots"},{"predicate":{"trim_type":0.5,"custom_model_data":2200265},"model":"slimefun:slimefun/technical_gadgets/steel_jetboots"},{"predicate":{"trim_type":0.6,"custom_model_data":2200265},"model":"slimefun:slimefun/technical_gadgets/steel_jetboots"},{"predicate":{"trim_type":0.7,"custom_model_data":2200265},"model":"slimefun:slimefun/technical_gadgets/steel_jetboots"},{"predicate":{"trim_type":0.8,"custom_model_data":2200265},"model":"slimefun:slimefun/technical_gadgets/steel_jetboots"},{"predicate":{"trim_type":0.9,"custom_model_data":2200265},"model":"slimefun:slimefun/technical_gadgets/steel_jetboots"},{"predicate":{"trim_type":1.0,"custom_model_data":2200265},"model":"slimefun:slimefun/technical_gadgets/steel_jetboots"},{"predicate":{"custom_model_data":2200266},"model":"slimefun:slimefun/technical_gadgets/damascus_steel_jetboots"},{"predicate":{"trim_type":0.1,"custom_model_data":2200266},"model":"slimefun:slimefun/technical_gadgets/damascus_steel_jetboots"},{"predicate":{"trim_type":0.2,"custom_model_data":2200266},"model":"slimefun:slimefun/technical_gadgets/damascus_steel_jetboots"},{"predicate":{"trim_type":0.3,"custom_model_data":2200266},"model":"slimefun:slimefun/technical_gadgets/damascus_steel_jetboots"},{"predicate":{"trim_type":0.4,"custom_model_data":2200266},"model":"slimefun:slimefun/technical_gadgets/damascus_steel_jetboots"},{"predicate":{"trim_type":0.5,"custom_model_data":2200266},"model":"slimefun:slimefun/technical_gadgets/damascus_steel_jetboots"},{"predicate":{"trim_type":0.6,"custom_model_data":2200266},"model":"slimefun:slimefun/technical_gadgets/damascus_steel_jetboots"},{"predicate":{"trim_type":0.7,"custom_model_data":2200266},"model":"slimefun:slimefun/technical_gadgets/damascus_steel_jetboots"},{"predicate":{"trim_type":0.8,"custom_model_data":2200266},"model":"slimefun:slimefun/technical_gadgets/damascus_steel_jetboots"},{"predicate":{"trim_type":0.9,"custom_model_data":2200266},"model":"slimefun:slimefun/technical_gadgets/damascus_steel_jetboots"},{"predicate":{"trim_type":1.0,"custom_model_data":2200266},"model":"slimefun:slimefun/technical_gadgets/damascus_steel_jetboots"},{"predicate":{"custom_model_data":2200267},"model":"slimefun:slimefun/technical_gadgets/reinforced_alloy_jetboots"},{"predicate":{"trim_type":0.1,"custom_model_data":2200267},"model":"slimefun:slimefun/technical_gadgets/reinforced_alloy_jetboots"},{"predicate":{"trim_type":0.2,"custom_model_data":2200267},"model":"slimefun:slimefun/technical_gadgets/reinforced_alloy_jetboots"},{"predicate":{"trim_type":0.3,"custom_model_data":2200267},"model":"slimefun:slimefun/technical_gadgets/reinforced_alloy_jetboots"},{"predicate":{"trim_type":0.4,"custom_model_data":2200267},"model":"slimefun:slimefun/technical_gadgets/reinforced_alloy_jetboots"},{"predicate":{"trim_type":0.5,"custom_model_data":2200267},"model":"slimefun:slimefun/technical_gadgets/reinforced_alloy_jetboots"},{"predicate":{"trim_type":0.6,"custom_model_data":2200267},"model":"slimefun:slimefun/technical_gadgets/reinforced_alloy_jetboots"},{"predicate":{"trim_type":0.7,"custom_model_data":2200267},"model":"slimefun:slimefun/technical_gadgets/reinforced_alloy_jetboots"},{"predicate":{"trim_type":0.8,"custom_model_data":2200267},"model":"slimefun:slimefun/technical_gadgets/reinforced_alloy_jetboots"},{"predicate":{"trim_type":0.9,"custom_model_data":2200267},"model":"slimefun:slimefun/technical_gadgets/reinforced_alloy_jetboots"},{"predicate":{"trim_type":1.0,"custom_model_data":2200267},"model":"slimefun:slimefun/technical_gadgets/reinforced_alloy_jetboots"},{"predicate":{"custom_model_data":2200268},"model":"slimefun:slimefun/technical_gadgets/carbonado_jetboots"},{"predicate":{"trim_type":0.1,"custom_model_data":2200268},"model":"slimefun:slimefun/technical_gadgets/carbonado_jetboots"},{"predicate":{"trim_type":0.2,"custom_model_data":2200268},"model":"slimefun:slimefun/technical_gadgets/carbonado_jetboots"},{"predicate":{"trim_type":0.3,"custom_model_data":2200268},"model":"slimefun:slimefun/technical_gadgets/carbonado_jetboots"},{"predicate":{"trim_type":0.4,"custom_model_data":2200268},"model":"slimefun:slimefun/technical_gadgets/carbonado_jetboots"},{"predicate":{"trim_type":0.5,"custom_model_data":2200268},"model":"slimefun:slimefun/technical_gadgets/carbonado_jetboots"},{"predicate":{"trim_type":0.6,"custom_model_data":2200268},"model":"slimefun:slimefun/technical_gadgets/carbonado_jetboots"},{"predicate":{"trim_type":0.7,"custom_model_data":2200268},"model":"slimefun:slimefun/technical_gadgets/carbonado_jetboots"},{"predicate":{"trim_type":0.8,"custom_model_data":2200268},"model":"slimefun:slimefun/technical_gadgets/carbonado_jetboots"},{"predicate":{"trim_type":0.9,"custom_model_data":2200268},"model":"slimefun:slimefun/technical_gadgets/carbonado_jetboots"},{"predicate":{"trim_type":1.0,"custom_model_data":2200268},"model":"slimefun:slimefun/technical_gadgets/carbonado_jetboots"},{"predicate":{"custom_model_data":2201209},"model":"extra_gear:armor/copper/copper_boots"},{"predicate":{"trim_type":0.1,"custom_model_data":2201209},"model":"extra_gear:armor/copper/copper_boots"},{"predicate":{"trim_type":0.2,"custom_model_data":2201209},"model":"extra_gear:armor/copper/copper_boots"},{"predicate":{"trim_type":0.3,"custom_model_data":2201209},"model":"extra_gear:armor/copper/copper_boots"},{"predicate":{"trim_type":0.4,"custom_model_data":2201209},"model":"extra_gear:armor/copper/copper_boots"},{"predicate":{"trim_type":0.5,"custom_model_data":2201209},"model":"extra_gear:armor/copper/copper_boots"},{"predicate":{"trim_type":0.6,"custom_model_data":2201209},"model":"extra_gear:armor/copper/copper_boots"},{"predicate":{"trim_type":0.7,"custom_model_data":2201209},"model":"extra_gear:armor/copper/copper_boots"},{"predicate":{"trim_type":0.8,"custom_model_data":2201209},"model":"extra_gear:armor/copper/copper_boots"},{"predicate":{"trim_type":0.9,"custom_model_data":2201209},"model":"extra_gear:armor/copper/copper_boots"},{"predicate":{"trim_type":1.0,"custom_model_data":2201209},"model":"extra_gear:armor/copper/copper_boots"},{"predicate":{"custom_model_data":2201210},"model":"item/leather_boots"}],"textures":{"layer0":"minecraft:item/leather_boots","layer1":"minecraft:item/leather_boots_overlay"}}